<?xml version="1.0" encoding="UTF-8"?>
<settings>
	<gaps top="32" bottom="32" left="44" right="44" windows_x="12" windows_y="12"/>
	<columns max_size_main="2" max_size="4" max_count="2"/>

	<!--<workspace id="<id>" median="0.5" reverse_x="true|false" reverse_y="true|false"/>-->
	<workspace id="0" median="0.6"/>
	<workspace id="1"/>
	<workspace id="2"/>
	<workspace id="3" median="0.6"/>
	<workspace id="4" reverse_x="true" median="0.4"/>

	<window class="mpv" floating="true"/>
	<window class="firefox" priority="high"/>
	<window class="geany" priority="high" fake_windows="2"/>
	<window class="thunar" fake_windows="3"/>
	<window class="transmission-gtk" priority="low" fake_windows="3"/>
	<window class="terminator" priority="low" fake_windows="3"/>
	<window class="x-terminal-emulator" priority="low" fake_windows="3"/>
	
	<!--<window class="<class>" priority="high|low" floating="true|false" fake_windows="1|2|3|..."/>-->
	<column_config windows="1" workspace="all" column_sizes="1"/>
	<column_config windows="2" workspace="all" column_sizes="1, 1"/>
	<column_config windows="3" workspace="all" column_sizes="1, 2"/>
	<column_config windows="4" workspace="all" column_sizes="1, 3"/>
	<column_config windows="5" workspace="all" column_sizes="1, 1, 3"/>
	<column_config windows="6" workspace="all" column_sizes="1, 1, 4"/>
	<column_config windows="7" workspace="all" column_sizes="1, 2, 4"/>
</settings>
